,avg_wr,avg_ws,avg_mstry,avg_onrle
0,-14.3669985775249,1,-45397,1
0,,,279719,1
0,,,-871731,-2
0,,,79660,0
0,,,-650251,0
0,,,-64471,0
0,,,-158845,0
0,13.461538461538467,-1,-129639,2
0,,,242929,2
0,,,35466,2
